UF,DESTINO,TIPO,INDICEGERAL,INFRAESTRUTURA_GERAL,ACESSO,SERVICOS_E_EQUIPAMENTOS_TURISTICOS,ATRATIVOS_TURISTICOS,MARKETING_E_PROMOCAO_DO_TURISMO,POLITICAS_PUBLICAS,COOPERACAO_REGIONAL,MONITORAMENTO,ECONOMIA_LOCAL,CAPACIDADE_EMPRESARIAL,ASPECTOS_SOCIAIS,ASPECTOS_AMBIENTAIS,ASPECTOS_CULTURAIS,ANO
GO,Alto Paraíso de Goiás,Não capital,"43,6","63,7","40,4","31,9","66,6",25,"55,1","41,8",20,44,"14,4","51,6","55,2","45,7",2009
RJ,Angra dos Reis,Não capital,"55,7",51,"67,9","42,3","62,3","36,4","47,6","61,5","55,8","54,6","64,2","64,3","62,6","52,4",2009
SE,Aracaju,Capital,"56,4",67,"67,9","41,8","58,4","42,1","61,9","52,6","29,5","49,8","81,4","62,6","50,4","55,2",2009
CE,Aracati,Não capital,"42,6","53,4",42,22,"54,1","20,9","42,5","45,9","16,9","46,7","48,2","48,3","48,4","61,8",2009
RJ,Armação dos Búzios,Não capital,"46,7",51,"48,1","40,6","60,4","55,1","51,5","30,3","23,9","46,2","50,5","46,6","53,8","37,7",2009
SC,Balneário Camboriú,Não capital,"62,9","66,7",67,"62,6","67,2",61,"63,4","51,8","74,8","41,6","62,8","69,9",65,"59,5",2009
AM,Barcelos,Não capital,34,"40,2","34,8","13,1","63,2","11,5",30,37,"22,2","48,6","13,9","40,2","55,9",29,2009
MA,Barreirinhas,Não capital,"41,1","45,2",38,"30,5","62,2","25,2","64,2","38,3","19,5","37,6","17,4","54,9","54,3",42,2009
PA,Belém,Capital,"66,3","73,2","70,3","63,6","73,2","64,3","47,3","49,2",46,"65,4","77,8","66,2","74,4","77,7",2009
MG,Belo Horizonte,Capital,"72,6","80,6","73,1",72,"60,3","88,7","69,1","50,5","74,5","78,5","89,8","72,3","70,1","61,4",2009
RS,Bento Gonçalves,Não capital,"60,3","75,5","57,9","61,4","64,6",35,"64,6","63,3","30,6","70,7","64,9","59,5","66,4","59,3",2009
RR,Boa Vista,Capital,"52,1","65,9","61,2","52,5","45,9","63,4","44,4",28,"31,5","36,1",56,"56,7","64,7","52,1",2009
MS,Bonito,Não capital,48,"55,4","57,4","34,8","65,9","47,1","47,7","46,8","6,1","63,4","37,2","51,9","55,8",38,2009
DF,Brasília,Capital,"69,4","75,7","85,4","63,3",75,"35,9","50,9","61,5","53,6","77,4","93,6","67,8","75,5","72,5",2009
MT,Cáceres,Não capital,"48,2","62,9","61,8","28,5","60,3","12,4","56,2","34,1","27,2","52,5","46,9","60,8","51,7","58,6",2009
GO,Caldas Novas,Não capital,"50,7","63,2","52,4","40,5","72,1","23,4",55,"40,5","19,1","59,8","62,5","59,6",65,"31,4",2009
MS,Campo Grande,Capital,"53,7","67,8","66,9","44,9","37,4","40,8","45,7","57,8","20,7","74,8","68,8","50,6",56,"56,4",2009
MS,Corumbá,Não capital,"51,7","62,3","57,1","37,4","59,7","27,9","56,8","43,8","43,9","71,7","51,6","51,8","56,7",49,2009
MT,Cuiabá,Capital,"63,5","77,5","70,9","51,6",45,"61,8","72,2","55,4","50,7",76,"65,5","71,3","60,2","65,7",2009
PR,Curitiba,Capital,"70,6","81,7","75,7",66,"71,2","59,2","59,8","52,6","55,9","81,2","92,2","72,8","84,4","54,9",2009
MG,Diamantina,Não capital,"55,5","71,1","65,7","50,3","59,4","33,8","46,8","63,1","29,4","47,6","48,9","57,3","60,7","71,3",2009
PE,Fernando de Noronha,Não capital,"48,3","73,5","33,6","33,4","64,8","58,2","34,3","27,2","50,6",52,"32,6","51,2","75,5","37,5",2009
SC,Florianópolis,Capital,"66,2","83,5","72,7",70,"60,3","39,6","73,1","56,3","31,2","76,3","82,3","69,8","74,4","53,8",2009
CE,Fortaleza,Capital,"62,4","79,2","78,2","62,8","52,2","44,9","50,5","40,4","54,1","73,5","81,5","61,6","53,4",64,2009
PR,Foz do Iguaçu,Não capital,70,74,"76,5",69,74,"86,8","66,1","65,3","73,6","65,5","74,9","53,9","75,7","47,5",2009
GO,Goiânia,Capital,"62,6","73,8","69,8","60,3","49,1","25,4","64,9","67,2","35,7","64,6","86,5","69,4","72,7","66,1",2009
RS,Gramado,Não capital,"56,9","67,2","60,9","60,6","68,6","42,2","60,5","33,7","25,1",75,"58,1","52,5","56,2","60,3",2009
SP,Ilhabela,Não capital,"51,2","61,2","58,8","44,1","42,4","38,7",69,"64,7","49,1","42,5","28,2","70,5","56,5","39,3",2009
PE,Ipojuca,Não capital,"38,6","61,3","38,9",24,"52,2","30,7","41,6",13,"27,4","64,1","23,9",52,"28,4","36,1",2009
CE,Jijoca de Jericoacoara,Não capital,35,49,"39,6","32,4","50,2","25,4","23,2","38,5","2,6","39,8","16,8","39,5","53,2","27,2",2009
PB,João Pessoa,Capital,"66,1","79,1","69,4","64,3","60,4","49,9","70,7","61,8","67,5","60,3","83,2","68,2","63,1","56,7",2009
BA,Lençóis,Não capital,"48,6","64,1","37,8","32,3","67,2","17,5","59,1","70,1","41,4","46,7","35,2","47,3","66,8","50,3",2009
AP,Macapá,Capital,"50,4","51,9","50,4","50,9","49,2","30,2",53,22,"40,3","55,4","51,6","58,3","69,7","68,2",2009
AL,Maceió,Capital,"57,1","61,6","68,4","68,8","55,5","39,8","54,7","30,1","26,5","63,5","67,9","47,6",69,"68,2",2009
AM,Manaus,Capital,"63,1","67,3",70,"59,8","74,2","31,8","50,3","52,8","41,8","72,6","90,3","59,9","71,4","66,6",2009
AL,Maragogi,Não capital,"42,4","58,6","33,2","32,9","58,6","23,2","56,1","66,8","14,7","44,9","20,4","42,9","62,9","32,1",2009
BA,Maraú,Não capital,"43,8","35,2","37,2",29,51,"54,4","57,2","74,1","15,8","42,6","24,7","45,5","50,7","59,2",2009
BA,Mata de São João,Não capital,"48,5","47,5","54,8","24,1","66,1","53,2","47,9","62,6","35,9","45,7","30,7","60,3","56,6","44,8",2009
TO,Mateiros,Não capital,"33,9","30,3","22,4","35,5","63,1","43,3","37,2","38,4","17,3","16,4",12,"30,4","50,2","37,6",2009
RN,Natal,Capital,62,"61,9","63,5","70,8","54,6","48,8","50,9","73,7","30,4","54,5","80,2","71,8","72,8","63,3",2009
CE,Nova Olinda,Não capital,"35,9","55,3","24,6","7,9","39,8","36,3","32,6","63,1","2,7","41,5","21,1","37,3","54,7","54,8",2009
MG,Ouro Preto,Não capital,"64,3",64,"57,8","45,4","74,8","71,8","67,8","70,7","59,3",52,"60,3","70,6","68,4","79,1",2009
TO,Palmas,Capital,52,"73,7",61,"37,3","38,2","27,4","56,6","52,7","47,1","48,9","64,4","42,1","74,5","47,8",2009
PR,Paranaguá,Não capital,"55,1","72,9","48,2","44,4","56,1","38,4","60,6","54,3",35,"68,6","49,5","61,2","68,6","56,4",2009
RJ,Paraty,Não capital,"51,6","69,4","65,4","43,4","65,8","62,6","31,9","43,4",1,"45,9","37,9","51,2","51,9","71,4",2009
AM,Parintins,Não capital,"46,5","49,1","35,3",45,"57,2","21,5","48,4",48,47,"44,1",43,"65,1","60,2","45,2",2009
PI,Parnaíba,Não capital,"42,3",62,"56,4","28,8","55,3","12,1","41,4","28,4",5,"35,6","42,1","59,5","50,7","48,7",2009
RJ,Petrópolis,Não capital,"57,7","64,2","68,1","44,6","67,6","36,7","56,5","48,8","44,8","55,5","59,7","60,1","69,3","65,8",2009
GO,Pirenópolis,Não capital,55,"61,3","45,7","45,2","64,4","59,1","63,3","62,8","43,2","67,5","30,4","55,7","57,6","62,3",2009
RS,Porto Alegre,Capital,67,"77,9","80,1","69,8","61,7","54,3",66,"33,6","43,7","80,7","87,9","69,2","66,8",61,2009
BA,Porto Seguro,Não capital,"57,5","54,9",69,"54,7","63,6","36,4","70,8","62,8","30,6","45,9","68,8",56,"68,4","53,6",2009
RO,Porto Velho,Capital,"45,7",50,"59,9",33,"39,4","27,8","46,9","42,2",0,49,"61,7","59,4","64,9","46,8",2009
PE,Recife,Capital,"72,9",80,73,"71,8","66,1","84,8","73,9","58,3","71,9","77,7","90,9","62,9","56,9","77,1",2009
AC,Rio Branco,Capital,"49,3","59,2","62,1","41,6",46,"20,5","53,9","38,8","9,8","73,5","51,7","60,9","62,9","46,9",2009
RJ,Rio de Janeiro,Capital,"73,9","82,4","87,9","73,4","87,7","67,2","69,2","28,3","61,1","80,6","91,4","66,8","68,1","74,1",2009
BA,Salvador,Capital,"72,4","74,9","83,4","68,9","85,4",47,"64,1","61,6","44,8","70,5","90,5","71,6","74,2","87,7",2009
PA,Santarém,Não capital,"52,2","60,1","64,2","51,7","55,7","27,5","44,6","50,2","59,8","42,7","55,4","60,5","53,6","44,1",2009
SC,São Joaquim,Não capital,"39,8","67,8","50,8","28,4","45,3","29,5",41,"28,1","5,9","58,9","33,9","40,7",30,"35,3",2009
MA,São Luís,Capital,"59,8",61,"57,8","60,9","60,1","39,3","53,3","41,8","42,1","72,5","80,8","63,9","67,8","72,2",2009
SP,São Paulo,Capital,"74,2","82,8",90,"81,1","76,1",75,"67,1","33,5","68,4","81,5",94,"62,1","68,2","63,3",2009
PI,São Raimundo Nonato,Não capital,"35,1",59,"25,3","19,5","65,3","17,2","29,8",10,"1,4","32,7","28,1","45,1","60,1","46,9",2009
PI,Teresina,Capital,"47,3","57,6","58,6","44,5",46,"23,5","43,6","14,6","5,4","55,2","70,8","58,9","67,1","48,1",2009
RN,Tibau do Sul,Não capital,"41,9","48,1","41,7","36,3","41,2","22,4","55,9","71,9","24,8",26,"16,5","56,7","72,8","30,2",2009
MG,Tiradentes,Não capital,"44,8","65,8","53,3","30,8","58,7","29,1","30,8","60,6","12,1","46,6","23,6",47,"58,7","48,1",2009
ES,Vitória,Capital,"62,3","77,2",61,"58,6","50,1","50,4","70,9","55,5","44,9","75,2","75,7","58,9","56,9","72,1",2009
GO,Alto Paraíso de Goiás,Não capital,"41,4","66,5","38,1","29,5",63,"18,1","52,9","42,1","13,5","53,9","6,7","49,4","53,1","38,6",2008
RJ,Angra dos Reis,Não capital,56,"47,1",67,"40,5","60,5","56,8",45,60,"58,5",53,"64,6","63,5","60,5","53,8",2008
SE,Aracaju,Capital,"52,4",70,"63,6","39,3","56,9","46,8","59,4","51,4","22,5",39,"44,3","63,6","45,8",62,2008
CE,Aracati,Não capital,"39,7","50,5",41,"18,5","52,8","12,4","38,3","36,2","13,6",39,"37,7","63,9","44,5",63,2008
RJ,Armação dos Búzios,Não capital,"46,2",48,"45,3","41,2","60,5","62,3","53,2","29,1","28,5","36,5","49,5","44,4","51,6","40,2",2008
SC,Balneário Camboriú,Não capital,"63,4","62,6","65,2","58,3",69,64,"57,9","51,2",77,"39,7",64,"77,8","70,5","65,7",2008
AM,Barcelos,Não capital,"34,9","43,1","34,6","23,8","63,5","8,8","26,6",38,"22,4","44,4","11,3","38,2","55,9","36,9",2008
MA,Barreirinhas,Não capital,"40,1","43,8","36,8","29,4","54,2",25,"63,1","32,1","19,3","39,5","21,6",57,"53,3","43,1",2008
PA,Belém,Capital,"63,7","75,4","68,3","61,5","71,1","61,9","44,4","48,2","40,6",65,"66,1","64,1","68,7","76,9",2008
MG,Belo Horizonte,Capital,69,"80,5","69,2","72,9","57,4","84,5","71,1","16,3","77,3",75,"86,1","70,7","69,3","59,7",2008
RS,Bento Gonçalves,Não capital,"59,3","77,5","54,8","59,5","63,4","32,3","61,6","61,7","25,4",69,"72,6","54,5","64,9","62,3",2008
RR,Boa Vista,Capital,52,"64,3","58,7","49,9","40,8","64,4","41,9","21,1",46,"42,5",52,"67,5","62,7","52,9",2008
MS,Bonito,Não capital,"44,5","54,2","55,7","31,5","47,3","50,7","42,1","47,1",3,"69,8",24,"48,6","53,4","38,1",2008
DF,Brasília,Capital,"65,7","65,3",80,"60,8","69,6","31,8","49,3","61,1","54,6",76,"91,1","61,2","72,7","72,5",2008
MT,Cáceres,Não capital,48,62,"58,1","28,8","64,4","16,8","56,2","33,9","25,4","55,4","31,6","61,5","52,4","65,7",2008
GO,Caldas Novas,Não capital,"49,9","62,4","51,7","37,9","68,1","20,2",53,"41,5","35,3","60,5","60,9","56,9","62,9","29,2",2008
MS,Campo Grande,Capital,"50,8","65,6","65,3","42,6","36,1","35,9","41,4","57,1","19,8","73,7","57,2","48,1","52,7","54,4",2008
MS,Corumbá,Não capital,48,"61,3","54,8","34,8","54,1","23,1","54,8","44,8","42,9","70,9","40,5","48,3","46,9","44,7",2008
MT,Cuiabá,Capital,"59,2","76,5","67,9","48,4","41,8","28,1","71,1","55,3","50,5",76,"64,2","73,3",58,"57,4",2008
PR,Curitiba,Capital,"66,2","85,1","73,5","63,4","65,1","62,2","54,5","37,1","53,8",75,"67,9","71,4",79,"56,9",2008
MG,Diamantina,Não capital,"54,3","70,2","62,2","47,9","55,2","31,8","44,5","60,9","37,1","49,9","44,9","55,1","57,3","77,6",2008
PE,Fernando de Noronha,Não capital,"46,9","75,3","32,1","30,9","62,8","64,2",28,"26,2",49,"52,4","22,3","48,7","75,6",39,2008
SC,Florianópolis,Capital,"62,9","78,3","67,1","65,5","57,8","35,6","69,4","55,8","33,5","74,3","76,7","68,8","64,4","57,6",2008
CE,Fortaleza,Capital,"60,6","75,5","76,2","60,6","54,6","37,1","47,7",40,"52,8","72,5","80,1","68,6","44,2","63,2",2008
PR,Foz do Iguaçu,Não capital,"66,3","70,6","74,1","66,5","71,5","67,5",58,"63,2","72,5","63,5",67,"55,3","74,9","49,6",2008
GO,Goiânia,Capital,"60,6","72,8","66,7","57,8","48,7","21,4","57,6","64,8","43,3",62,"76,5","72,1","68,4","70,4",2008
RS,Gramado,Não capital,"55,2","66,4","59,2","58,2","71,6","41,1","53,6","23,1","19,3","77,5",59,"52,4",53,"62,5",2008
SP,Ilhabela,Não capital,"52,3","60,3","53,2",44,42,"61,3","72,5",64,"54,3","42,9","24,6","71,1","55,7","37,7",2008
PE,Ipojuca,Não capital,"37,9","60,3","37,2","21,5","55,1","27,2","37,9","12,1","33,6","58,8","26,1","51,2","26,1","39,2",2008
CE,Jijoca de Jericoacoara,Não capital,"33,3","48,5",39,"31,3","52,4","12,8","17,6","37,6",0,"47,6","11,9","38,7","49,8","27,5",2008
PB,João Pessoa,Capital,"67,7","78,4","65,7","62,1",59,"77,4",69,"61,1","77,8","63,5","76,9","68,4",68,"54,9",2008
BA,Lençóis,Não capital,"49,9","70,4","35,8",29,68,"14,8","56,3","67,8","44,3","56,4",42,"55,5","63,4","51,5",2008
AP,Macapá,Capital,"47,7","50,5","49,2","48,7","48,4","27,8","51,6","24,5","35,8","51,5","46,3","54,8","66,6",59,2008
AL,Maceió,Capital,"55,9","61,6",63,66,59,"44,3",52,"29,6","25,5","62,5","70,6",45,"64,3","63,9",2008
AM,Manaus,Capital,"63,8","70,2",68,"62,3","66,4","53,5","45,4","51,1","38,8",71,"90,9","56,9","68,8","74,6",2008
AL,Maragogi,Não capital,44,"54,5",30,"34,2","60,8",29,"48,2","65,7","23,6","53,2","37,2","49,5","58,3","30,1",2008
BA,Maraú,Não capital,"41,4","37,3","35,1","23,3","54,4","49,7",54,"70,9","14,8","44,6","16,2","43,4",44,"57,3",2008
BA,Mata de São João,Não capital,"44,7","45,7","52,3","21,6","66,6","27,9","46,2","62,1","34,3","36,5","28,6","61,5","53,4","42,5",2008
TO,Mateiros,Não capital,"29,3","29,2","21,2","34,9","57,9","13,4","34,3","31,5","18,3",14,6,"28,1","49,2","35,7",2008
RN,Natal,Capital,"59,2","58,8","61,6","68,4","53,1","41,9","48,7","68,5","26,1",53,"78,1","69,6","70,5","60,2",2008
CE,Nova Olinda,Não capital,"31,6","59,8","24,2","5,5","39,2",0,"26,4","62,5",0,"47,6","8,6",34,"48,1","56,8",2008
MG,Ouro Preto,Não capital,"62,6","59,2","51,1",45,"75,7","75,8",66,"68,3",58,48,"60,2","63,9","66,1","85,4",2008
TO,Palmas,Capital,"47,2","71,4","59,8","33,9","37,4",14,"52,6",20,"57,5",47,"57,8","38,6","71,7","44,3",2008
PR,Paranaguá,Não capital,54,"72,4","45,5","40,3","57,5","40,1","62,3",52,"41,3","65,2","51,2","58,4","61,4","55,6",2008
RJ,Paraty,Não capital,"44,6",67,"64,5","40,2","62,3","26,2",26,"1,6",0,"52,4","33,4","49,1","49,2","71,2",2008
AM,Parintins,Não capital,"45,4","46,9","32,2","42,9",58,"17,6",44,"49,1","50,8","53,5","40,4","65,1","51,9","47,3",2008
PI,Parnaíba,Não capital,"41,2","60,2","52,2","38,5","52,6","7,2","38,8","7,7",3,"44,7","38,2",61,"51,2","54,6",2008
RJ,Petrópolis,Não capital,"56,7","60,1","68,1","41,8","68,3","32,7","53,9","44,9","52,4",54,"59,2","61,9","67,4","66,2",2008
GO,Pirenópolis,Não capital,"52,7","60,3","41,6","40,8","61,2","55,7","62,1",62,40,"64,4","28,3","53,4","58,9","62,1",2008
RS,Porto Alegre,Capital,"63,6","79,2","78,1","65,9","60,8","34,6","63,7","31,8",43,66,"89,5","67,8","66,3","58,2",2008
BA,Porto Seguro,Não capital,"59,1","60,4",68,"52,6","67,6","42,8",70,61,47,53,55,"59,8","66,7","57,7",2008
RO,Porto Velho,Capital,"42,8","48,9","56,4","29,5","38,8","23,9",45,43,0,"48,2","55,6","57,4","56,6","40,1",2008
PE,Recife,Capital,"70,9","77,5",67,"69,7","64,4","82,3","71,5","57,2","71,9","69,5","90,9","63,4","58,6","77,7",2008
AC,Rio Branco,Capital,"46,6","63,5","57,2",36,"45,6","15,4","50,1","38,3","7,4","68,5","49,6","54,6","60,7","45,2",2008
RJ,Rio de Janeiro,Capital,"69,7","80,6",81,67,"85,3","62,6","61,2","26,3","62,8","77,5","91,1","58,5","62,8","69,6",2008
BA,Salvador,Capital,"72,8","77,1","81,7","65,6","84,6","70,5","60,3","59,9","43,3",70,"90,9","69,1","71,5","84,8",2008
PA,Santarém,Não capital,"49,6","59,3","62,1","49,7","53,4","24,7",40,49,"58,6","43,5","47,2","56,7","51,3","40,6",2008
SC,São Joaquim,Não capital,"37,8","66,8","48,6","25,9","44,8","22,4","38,2","25,4",3,59,"24,7",48,"26,4",37,2008
MA,São Luís,Capital,"57,4","59,1","56,2","58,7","61,2","34,2","50,7","40,9","40,3",66,"74,5","64,1","65,8","69,6",2008
SP,São Paulo,Capital,72,"82,8","88,2",79,"71,6","74,6","66,6","32,6",60,75,"92,2","61,2","66,3","61,8",2008
PI,São Raimundo Nonato,Não capital,34,"57,4","23,3","17,4","69,6",12,"28,5","7,5",0,"33,9",28,"49,1","54,3","45,3",2008
PI,Teresina,Capital,"45,7","55,7","56,5","42,3","40,8",21,"41,6","12,4",3,"53,5","68,5","67,3","65,1","46,4",2008
RN,Tibau do Sul,Não capital,"39,4","46,3","39,6","33,8","40,6","15,4","50,8","66,6","20,8",27,"19,2",54,"67,1","29,8",2008
MG,Tiradentes,Não capital,"45,3","64,5","49,8",28,"62,2","26,1",37,"49,1","20,6","60,4",26,"44,4","59,6","50,8",2008
ES,Vitória,Capital,"61,4","80,4","60,5","55,9","53,2",63,"68,1","52,6","50,3","73,5","61,7","56,4","53,4","65,1",2008
GO,Alto Paraíso de Goiás,Não capital,44,"56,8","42,9","38,7","68,3","24,6","53,9","47,9","25,2","41,6","5,2","50,8","60,5","45,1",2010
RJ,Angra dos Reis,Não capital,"59,5","55,5","70,1","48,9","57,8","51,9","50,2","67,4","50,5","57,3","65,9","65,3",75,"56,8",2010
SE,Aracaju,Capital,"60,1","66,7","69,2","48,6","54,2",49,"67,2","55,2","36,4","61,4","92,2","61,4","53,1",59,2010
CE,Aracati,Não capital,"44,5",55,"46,9",28,"56,8","26,4","44,5",51,"15,2","46,9","38,5","54,5","55,1","53,2",2010
RJ,Armação dos Búzios,Não capital,"48,3","47,3","49,1",44,"61,6","52,1","51,9",42,"17,3","56,1","50,7","44,1","65,1","36,9",2010
SC,Balneário Camboriú,Não capital,"62,9","66,1","70,8","66,4","65,3","64,2","64,3","46,4","71,4","36,4","60,4","73,5","72,1","50,3",2010
AM,Barcelos,Não capital,"36,9","42,5","37,9","22,5","60,4","17,4","23,4","43,1","21,3","46,8","17,5","45,7","60,2",37,2010
MA,Barreirinhas,Não capital,"42,1","44,8","38,5","31,7","57,9","30,8","50,8","43,7","25,8","46,4","28,1","46,8","62,7","37,2",2010
PA,Belém,Capital,"66,1","79,9","72,8","66,9","72,4","49,3","55,1",44,"37,1","64,5","82,1","66,5","74,6","73,2",2010
MG,Belo Horizonte,Capital,"74,9","83,7","75,7","75,4","66,6","85,6",74,"54,8","76,9","81,7","93,7","69,7","67,8","64,4",2010
RS,Bento Gonçalves,Não capital,"65,7","79,1","61,1","66,9","65,5","50,8","66,8","74,2","37,6","78,2","74,2","68,8","58,5",66,2010
RR,Boa Vista,Capital,"54,2","67,8",65,"54,2",47,"63,4","48,3","33,4","29,7","45,6","55,2","66,7","65,2","43,5",2010
MS,Bonito,Não capital,"51,2","50,5","59,8","39,8","69,3","53,4",50,"55,5","20,5","69,8","34,8","51,8","60,7","39,6",2010
DF,Brasília,Capital,"69,6","78,5","88,3","60,5",75,41,"60,1","46,6","56,6","77,3","88,7","63,9","83,3","69,1",2010
MT,Cáceres,Não capital,"52,3","69,3","66,1","33,5",61,"17,9","51,8","40,4","32,9","51,5","53,2","64,6","60,3",64,2010
GO,Caldas Novas,Não capital,"54,4","66,4","56,1","44,2","73,3","28,6","57,6","47,1","25,2","54,9","64,7","62,3","73,7","39,1",2010
MS,Campo Grande,Capital,"56,6","74,2","69,9","58,8","36,4","35,7","46,4","59,2",21,"74,4",75,"46,9",58,"63,7",2010
MS,Corumbá,Não capital,"52,1","67,8","60,6","31,4","62,9","28,8","59,8","54,4",41,"67,8","48,6","50,1","53,9","44,8",2010
MT,Cuiabá,Capital,64,"75,3","72,2","58,1","48,1","48,6","74,7","55,3","36,7","72,8","77,6","73,6",64,"67,2",2010
PR,Curitiba,Capital,"72,7","84,6","77,5","67,6","72,9","59,4","64,7","58,6","54,3","80,9",90,80,"86,1","57,7",2010
MG,Diamantina,Não capital,"57,8",75,"67,7","52,1","58,2",40,"49,6","70,7","23,7","50,6","47,7","59,9","70,4","68,4",2010
PE,Fernando de Noronha,Não capital,"49,6","76,9","35,8","35,7","66,1","59,7","36,8","41,1","42,7","55,3","18,3","58,5","74,9","38,3",2010
SC,Florianópolis,Capital,"68,2","85,6","73,5","75,9","64,2","42,6","66,9","59,2","29,6","72,4","92,3","70,5","70,9","62,5",2010
CE,Fortaleza,Capital,"65,9","83,5","78,7","69,1","50,5","49,2","58,7","45,7","59,7","78,4",80,"66,4","59,5","65,1",2010
PR,Foz do Iguaçu,Não capital,"70,8",75,"77,1","72,9","75,6","82,4","69,7","64,3","76,6","60,9","77,5","63,3","74,5","41,3",2010
GO,Goiânia,Capital,"65,1","77,9","70,1","60,7","51,5","28,1","71,6","73,3","41,3",73,"89,8","67,8","76,3","60,7",2010
RS,Gramado,Não capital,"60,1",74,"63,6","66,6","68,9","44,4","57,4","40,6","27,4","69,9","58,1","66,6","66,4","56,1",2010
SP,Ilhabela,Não capital,"52,9","64,4","59,9","49,1","46,5","54,1","73,9","68,6","34,9","36,6","31,7",67,"52,2","40,6",2010
PE,Ipojuca,Não capital,"42,7","54,9","43,7","33,9","59,1","36,5","41,9","22,9",23,"67,8","31,6","45,5","41,5","43,2",2010
CE,Jijoca de Jericoacoara,Não capital,41,"58,5","43,4","42,1","49,2","27,7","24,5","51,7","14,9",35,"24,4","48,7","60,5","35,2",2010
PB,João Pessoa,Capital,69,"83,1","69,5","64,2","64,3","49,4","68,7","63,6","70,7","62,9","91,2","73,2","70,8","62,1",2010
BA,Lençóis,Não capital,"48,3","60,4","42,1","35,2","66,4","23,8","58,4","56,2","31,1","44,3","34,4","46,1",69,"58,3",2010
AP,Macapá,Capital,"53,2","54,7","53,8","56,4","55,9","23,3","57,7","28,7","41,5","54,8","57,4","59,4","74,7","66,7",2010
AL,Maceió,Capital,"60,4","61,4","68,6","73,9","53,5","44,7","59,8","36,1","32,7","65,4","77,6","48,9","77,6","68,3",2010
AM,Manaus,Capital,"63,7","65,7","73,4","63,2","75,8","37,9","44,2","52,4","41,7","73,6","87,7","53,3",79,"65,9",2010
AL,Maragogi,Não capital,"45,2","61,3","33,7","36,7","59,7","24,5","60,7","65,9","19,7","43,9","21,2","46,7","70,6","40,5",2010
BA,Maraú,Não capital,"44,1","41,2","37,3","37,4","53,7","39,2","56,8","79,1","28,4","46,8","13,4","45,3","48,5","52,3",2010
BA,Mata de São João,Não capital,"49,2","40,5","58,2","28,3","62,9","57,4","48,2","57,2","38,5",53,"22,7","59,8","64,3",50,2010
TO,Mateiros,Não capital,"34,9","29,1",24,"33,5","61,9",44,"32,1","45,1","15,3",31,3,"39,6","54,6","37,4",2010
RN,Natal,Capital,"64,8","68,3","66,8","76,7","49,4","55,1","57,7","66,3","26,6","67,3","84,9","67,9","75,3","68,6",2010
CE,Nova Olinda,Não capital,"36,7","59,1",25,"17,6",42,"33,1","29,3",65,"7,5",51,"9,6","30,1","61,5","47,8",2010
MG,Ouro Preto,Não capital,"67,2","60,5","61,7","47,8",76,71,"65,4","77,6","64,3","62,1","67,5",77,"69,9","83,5",2010
TO,Palmas,Capital,"55,3","79,2","63,2","42,5","36,7","26,2","55,1",48,"53,1","54,9","71,7","49,9","80,2","54,1",2010
PR,Paranaguá,Não capital,"58,6","76,7","48,3","46,7","61,1",44,"64,4","65,2",33,"64,4","55,7","63,2","74,8","63,1",2010
RJ,Paraty,Não capital,"51,9","64,2","69,1","41,6","65,9","61,7","31,1","49,1","4,9","46,9","40,5","48,3","54,6","69,9",2010
AM,Parintins,Não capital,"46,8","48,2","36,6","39,4","61,8","27,7","56,8","47,5","47,1","46,8","42,9","58,5","51,5","50,1",2010
PI,Parnaíba,Não capital,"42,5","60,7","59,7","35,4","54,5","18,4","43,1","33,7","4,6","33,5","41,4","45,1","51,2","44,5",2010
RJ,Petrópolis,Não capital,"59,6","65,2","69,9","47,4",71,"42,3","56,9","54,6","49,6","62,3","56,5","54,4","70,6","65,9",2010
GO,Pirenópolis,Não capital,"53,8","60,9","50,2","45,8",64,"43,4","67,1","57,3","36,4","67,3","26,8","57,3","50,5","71,6",2010
RS,Porto Alegre,Capital,"71,1",83,"83,5","77,8",65,"59,2","72,6","39,3","39,8","85,6","90,6","70,5",74,"61,2",2010
BA,Porto Seguro,Não capital,"57,5","56,4","69,3","61,2","62,4","42,4","65,6","58,6","24,7","47,5","65,5","49,8","73,8",53,2010
RO,Porto Velho,Capital,"51,3",56,"60,4","31,2",43,"32,7","60,7","45,9","12,6","62,7","71,3","62,9","71,3","51,5",2010
PE,Recife,Capital,"74,1","83,5","75,4","73,9","71,9","71,3",76,56,"76,5","73,5",90,"69,7","65,7","75,3",2010
AC,Rio Branco,Capital,"52,9","61,7",66,"48,5","48,2","20,5",50,"42,7","7,3","76,1","59,8","63,7","72,1","54,7",2010
RJ,Rio de Janeiro,Capital,74,"84,6","88,1","78,3","86,6","55,8","63,5","25,4","56,4","81,2","94,7","70,9",77,"73,5",2010
BA,Salvador,Capital,"72,1","75,9","85,5","69,1","86,2","52,3","58,6",55,"39,9","71,5","93,7","67,6","79,2","81,9",2010
PA,Santarém,Não capital,53,"64,8","67,5","56,6","59,6","32,6","47,8","46,6","53,1","38,6","53,2","53,4",57,41,2010
SC,São Joaquim,Não capital,"41,7","71,8","55,4","26,2","49,9",35,"35,9",43,"7,5","61,5","27,2","42,2","26,4","39,6",2010
MA,São Luís,Capital,"62,4","67,4","61,5","64,3","53,4","36,1","56,2","48,6",45,"72,9","86,3","69,7",73,"74,5",2010
SP,São Paulo,Capital,"75,9","83,9","90,2","86,9","76,6","78,5","74,8","27,4",77,"86,8","93,9","62,7","67,5","59,8",2010
PI,São Raimundo Nonato,Não capital,"37,1","57,6","26,7","30,6","68,2","23,3","34,2","9,3","6,2",37,"19,6","46,4","60,2","45,3",2010
PI,Teresina,Capital,"51,2","59,9","61,6","51,4","48,7","24,9","45,8","20,6","8,9","58,6","83,7","53,1","73,6","53,9",2010
RN,Tibau do Sul,Não capital,45,54,"44,9","42,8","46,3","24,7","59,4","67,2","21,7","33,5","16,8","57,7","72,6","37,3",2010
MG,Tiradentes,Não capital,"47,5","60,4","55,9","35,6","57,1","33,6",35,"66,9","20,3","56,3","19,3","52,5","57,4","57,5",2010
ES,Vitória,Capital,"63,3","79,7","64,7","55,3","52,2","44,9",72,"62,3",42,"77,6","83,2","55,8","56,1","73,1",2010
GO,Alto Paraíso de Goiás,Não capital,"43,6","66,8","47,9","39,2",63,"21,9","50,4","48,9","10,2","36,1","11,1","39,2","58,4",53,2011
RJ,Angra dos Reis,Não capital,"61,6","63,3","63,4","57,9",62,"50,3",61,"66,5","45,6","66,6","68,1","57,4","74,5","62,1",2011
SE,Aracaju,Capital,"62,7","67,7","72,9","60,9","54,2","48,4","75,7","57,5","44,8","60,2","92,2","64,2","52,1","55,7",2011
CE,Aracati,Não capital,"45,7","60,6","47,5",31,"57,5","23,5","43,4","52,9","24,5","46,4","43,5","51,5","49,8","54,1",2011
RJ,Armação dos Búzios,Não capital,"49,8","50,6","48,7",41,"59,2","47,5",57,"48,8","32,2","61,3","55,9","40,6","68,5","33,2",2011
SC,Balneário Camboriú,Não capital,"67,1","73,5",72,"69,8","64,2","65,4","71,7","57,6","68,5","43,9","65,6","78,3","76,1","57,8",2011
AM,Barcelos,Não capital,"36,3","55,3","40,5","29,4","61,6","10,3","30,4","13,7",0,"42,4","13,7","46,5","71,6","33,7",2011
MA,Barreirinhas,Não capital,"45,7","56,7","34,7","41,2",59,"34,1","63,4","44,8","29,2","40,8","36,8","45,6","66,5","37,3",2011
PA,Belém,Capital,"65,5","73,1","76,9","67,9","73,3","53,4","50,8","43,6",31,"67,9","79,6","65,5","68,1","77,9",2011
MG,Belo Horizonte,Capital,"75,5","83,8","80,6","71,1","70,1","85,2","67,5","67,3","79,6","82,2","94,1","63,5","71,6","60,8",2011
RS,Bento Gonçalves,Não capital,"67,6","80,1","61,8","68,3","65,7","59,7","73,4","73,9",43,"81,8",69,"75,4","54,3","68,7",2011
RR,Boa Vista,Capital,"54,4","64,8","66,2","53,8","52,1",71,"39,5","19,1","39,3","50,1",62,"63,8","61,4","44,5",2011
MS,Bonito,Não capital,"54,8","57,9","64,8","42,7","70,4","50,2","51,9","63,8",20,"74,2","43,7","56,2","64,1","40,6",2011
DF,Brasília,Capital,69,83,90,"61,3","72,3","47,2",60,"42,8","45,3","76,2","92,8","57,5","79,6","66,3",2011
MT,Cáceres,Não capital,"53,1","73,1","63,4","39,4",67,"18,7","53,9",42,"19,3","55,7","52,9",58,"58,5","70,3",2011
GO,Caldas Novas,Não capital,"57,5","67,5","56,5",47,73,"35,9","49,1","57,1","27,3","64,4","67,7","70,4","77,5","44,7",2011
MS,Campo Grande,Capital,"58,1",76,"67,2","57,5","38,4","39,1","56,8","45,4","14,7","75,4","80,7","58,6","59,8","69,6",2011
MS,Corumbá,Não capital,"48,6","73,3",63,"27,8",67,"23,3","43,6","54,1","12,9","60,9","46,5","47,8","47,8","44,4",2011
MT,Cuiabá,Capital,"63,6","68,7","71,4",57,"59,9","47,2","68,7","45,3",28,"80,3","80,8","77,6","69,2","61,6",2011
PR,Curitiba,Capital,"74,8",88,78,"70,1","78,2","60,5","67,6","66,2","60,2","76,6","93,3","76,5","87,5","59,3",2011
MG,Diamantina,Não capital,"61,8","76,6","68,3","55,9","58,8","55,3","64,4","65,9",35,"47,3","51,4","63,8","75,4","71,7",2011
PE,Fernando de Noronha,Não capital,"50,8",77,"41,2",34,"66,3","59,9","30,8","45,9","42,1","59,8","21,2","61,9","74,5","40,4",2011
SC,Florianópolis,Capital,70,"85,3","74,1","73,9","62,7","50,4","76,1","69,2",32,"61,6","94,2","71,1","72,9","69,6",2011
CE,Fortaleza,Capital,"68,9","83,5","81,2","68,4","58,4","49,4","64,6","52,4","45,4","74,7","85,2","71,6","72,1","74,2",2011
PR,Foz do Iguaçu,Não capital,"72,9","75,5","77,4","70,1","82,3","81,8","70,3","57,4","81,4",77,76,"68,2","81,4","42,8",2011
GO,Goiânia,Capital,"63,9","76,3","74,5","65,8",47,"24,8","56,2","57,7",60,"64,2","88,3","60,3","75,9","72,7",2011
RS,Gramado,Não capital,61,"73,4","62,6","66,3",69,"49,8","63,8","41,3","31,3","74,3","53,8","65,5","68,5","55,8",2011
SP,Ilhabela,Não capital,"54,8","69,7","57,8","57,9","45,8","52,4","73,4","66,8","47,5","35,2","29,2","69,6","59,6","39,8",2011
PE,Ipojuca,Não capital,"46,6","65,5","43,8","43,8","66,8","43,7","37,3","23,5","18,6","67,3","38,6","43,6","50,7","45,7",2011
CE,Jijoca de Jericoacoara,Não capital,"44,2","47,4",49,"44,2","54,1","45,3","40,8","51,5","16,8","34,8",33,"48,8","64,1","30,2",2011
PB,João Pessoa,Capital,"69,6","86,3",72,62,"63,8",49,"67,9","58,1","72,5",61,"92,8","76,7",72,"66,4",2011
BA,Lençóis,Não capital,"50,9","63,1","42,6","37,7","66,7","27,5","59,4","57,9","42,9","44,2","35,4","56,1","71,4",58,2011
AP,Macapá,Capital,"51,6","57,7","53,4","49,9","55,9","24,9","56,6","41,7","34,9","43,5","58,1","55,2","70,8","59,3",2011
AL,Maceió,Capital,"64,3","70,6",78,"71,9","57,4","50,8","65,6","34,1",40,"61,1","84,2","59,5","73,9",69,2011
AM,Manaus,Capital,"63,9","72,2","74,8","71,2","74,9","45,6","29,5","32,5","37,6","71,4","89,2","56,3","82,9","68,1",2011
AL,Maragogi,Não capital,"42,3","55,3","39,8","30,4",55,"32,4","53,7","58,6","14,8","41,8","22,6","44,4","61,4","33,9",2011
BA,Maraú,Não capital,"44,6","50,3","36,8","33,7","50,6","45,5","50,3","79,1",25,"48,5","19,8","45,6","50,8","48,5",2011
BA,Mata de São João,Não capital,"48,3","46,6","59,5","21,9","66,9",56,"55,3","23,2","34,7","45,5","27,9","58,8","74,4","50,6",2011
TO,Mateiros,Não capital,"38,1","41,1",27,"33,4","62,2","47,1","32,7","50,8","22,5","56,7","6,1","30,3","55,6","28,4",2011
RN,Natal,Capital,"62,6","70,5","67,6","72,4","53,7","49,6","51,5","68,2","17,8","63,5","86,5",58,"76,5","60,3",2011
CE,Nova Olinda,Não capital,"40,5","64,9","30,9","14,9","41,8","41,6","36,6","68,3","16,1",55,10,"32,8","63,7","53,9",2011
MG,Ouro Preto,Não capital,"65,5","64,5","62,6","49,7","74,6",53,"58,9","59,8","76,4","65,3","67,1","74,9","70,2","82,7",2011
TO,Palmas,Capital,"52,7","75,7","64,9","49,3","37,3","30,5","38,3","30,5","24,4","61,8","71,3",52,"81,4","49,5",2011
PR,Paranaguá,Não capital,"60,9","78,8","50,6","47,1","61,1","47,8","62,8",71,"35,5",70,57,"67,2","76,8","66,8",2011
RJ,Paraty,Não capital,"53,1","60,7","66,4","36,9","71,2","56,4","28,8",60,"11,5","54,5","43,2","54,6","57,1","69,7",2011
AM,Parintins,Não capital,"47,1","55,6","40,9","47,6",58,"28,7","64,8","14,7","47,1","45,9","39,5","61,4","49,3","54,2",2011
PI,Parnaíba,Não capital,"42,9","68,5","52,9","38,9","56,6","19,7","47,6","31,6","6,1","27,6",43,"42,1","49,5","45,1",2011
RJ,Petrópolis,Não capital,"63,4","65,4","72,8","50,8","71,4","57,5","64,4","51,8","56,4","64,4","58,5","66,3","72,3","66,2",2011
GO,Pirenópolis,Não capital,"53,5","64,7","51,6","50,9","64,2","37,8","63,2","51,3","32,8","53,8","27,4","58,7","57,9","72,5",2011
RS,Porto Alegre,Capital,"74,8","82,9",88,"74,9","65,4","68,5","75,3","53,9",49,"85,8",91,"76,5","78,8","66,6",2011
BA,Porto Seguro,Não capital,59,"52,1","69,5","66,1","64,3","49,3","59,1","62,7","19,4","50,2","73,5","53,1","77,7","52,8",2011
RO,Porto Velho,Capital,"56,2","59,6","61,6","37,9","47,3","37,5",64,"47,2","46,6","59,5","79,9","67,2","69,5","55,4",2011
PE,Recife,Capital,"76,3","87,4","77,6",77,"72,2","71,4","74,2","58,9","81,5",77,"91,5",67,"68,2","83,6",2011
AC,Rio Branco,Capital,"56,4","64,4","71,1",52,"51,2","27,8","62,1","47,4","12,6","69,9","66,3","61,1","69,7","60,8",2011
RJ,Rio de Janeiro,Capital,"74,9",82,"88,2",78,"84,3","50,4","70,1","26,5","53,7","91,2","93,8","75,2","79,4","79,4",2011
BA,Salvador,Capital,"73,8","81,9",86,"70,1",84,"50,2","66,1","47,7","46,6","78,4","89,6","71,1","82,2","86,1",2011
PA,Santarém,Não capital,"56,5","53,4","67,8","47,2","60,2",51,"62,7","59,3","73,4","48,4","56,1","61,4","50,5","44,4",2011
SC,São Joaquim,Não capital,"45,1","77,4",57,"27,3","58,5","39,2",37,"46,8","10,2","61,3",25,"51,7","28,5","44,9",2011
MA,São Luís,Capital,"66,3","68,6","62,4","61,8","56,2","54,3","53,2","56,8","63,5","74,5","89,7","73,7","75,4","76,9",2011
SP,São Paulo,Capital,"76,3","86,1","90,5","88,1","77,4","77,8","75,8","20,5","79,9","91,3","94,7","56,7","70,8","61,8",2011
PI,São Raimundo Nonato,Não capital,"38,4","52,5","28,8",27,"70,7","27,3","26,3","6,2","5,9","43,2","24,7","60,2","64,7","46,8",2011
PI,Teresina,Capital,"54,9","66,4","60,6","46,8","55,7","33,3","53,9","24,4",11,"65,7","86,3","59,9","72,5","59,9",2011
RN,Tibau do Sul,Não capital,"43,4","59,3",44,"34,2","49,8","29,3","53,7","60,9","18,8","35,9","13,6","47,4","72,4","37,3",2011
MG,Tiradentes,Não capital,"50,9","62,5","51,8","44,7",58,"38,4","44,4","64,8","31,8","60,2","31,5","42,7","61,7",64,2011
ES,Vitória,Capital,"66,7","83,5","67,6","59,8","52,8","51,8","67,6","72,3","44,4","82,8","89,7","49,7","69,2","72,8",2011
GO,Alto Paraíso de Goiás,Não capital,"43,6","66,8","47,9","39,2",63,"21,9","50,4","48,9","10,2","36,1","11,1","39,2","58,4",53,2013
RJ,Angra dos Reis,Não capital,"61,6","63,3","63,4","57,9",62,"50,3",61,"66,5","45,6","66,6","68,1","57,4","74,5","62,1",2013
SE,Aracaju,Capital,"62,7","67,7","72,9","60,9","54,2","48,4","75,7","57,5","44,8","60,2","92,2","64,2","52,1","55,7",2013
CE,Aracati,Não capital,"45,7","60,6","47,5",31,"57,5","23,5","43,4","52,9","24,5","46,4","43,5","51,5","49,8","54,1",2013
RJ,Armação dos Búzios,Não capital,"49,8","50,6","48,7",41,"59,2","47,5",57,"48,8","32,2","61,3","55,9","40,6","68,5","33,2",2013
SC,Balneário Camboriú,Não capital,"67,1","73,5",72,"69,8","64,2","65,4","71,7","57,6","68,5","43,9","65,6","78,3","76,1","57,8",2013
AM,Barcelos,Não capital,"36,3","55,3","40,5","29,4","61,6","10,3","30,4","13,7",0,"42,4","13,7","46,5","71,6","33,7",2013
MA,Barreirinhas,Não capital,"45,7","56,7","34,7","41,2",59,"34,1","63,4","44,8","29,2","40,8","36,8","45,6","66,5","37,3",2013
PA,Belém,Capital,"65,5","73,1","76,9","67,9","73,3","53,4","50,8","43,6",31,"67,9","79,6","65,5","68,1","77,9",2013
MG,Belo Horizonte,Capital,"75,5","83,8","80,6","71,1","70,1","85,2","67,5","67,3","79,6","82,2","94,1","63,5","71,6","60,8",2013
RS,Bento Gonçalves,Não capital,"67,6","80,1","61,8","68,3","65,7","59,7","73,4","73,9",43,"81,8",69,"75,4","54,3","68,7",2013
RR,Boa Vista,Capital,"54,4","64,8","66,2","53,8","52,1",71,"39,5","19,1","39,3","50,1",62,"63,8","61,4","44,5",2013
MS,Bonito,Não capital,"54,8","57,9","64,8","42,7","70,4","50,2","51,9","63,8",20,"74,2","43,7","56,2","64,1","40,6",2013
DF,Brasília,Capital,69,83,90,"61,3","72,3","47,2",60,"42,8","45,3","76,2","92,8","57,5","79,6","66,3",2013
MT,Cáceres,Não capital,"53,1","73,1","63,4","39,4",67,"18,7","53,9",42,"19,3","55,7","52,9",58,"58,5","70,3",2013
GO,Caldas Novas,Não capital,"57,5","67,5","56,5",47,73,"35,9","49,1","57,1","27,3","64,4","67,7","70,4","77,5","44,7",2013
MS,Campo Grande,Capital,"58,1",76,"67,2","57,5","38,4","39,1","56,8","45,4","14,7","75,4","80,7","58,6","59,8","69,6",2013
MS,Corumbá,Não capital,"48,6","73,3",63,"27,8",67,"23,3","43,6","54,1","12,9","60,9","46,5","47,8","47,8","44,4",2013
MT,Cuiabá,Capital,"63,6","68,7","71,4",57,"59,9","47,2","68,7","45,3",28,"80,3","80,8","77,6","69,2","61,6",2013
PR,Curitiba,Capital,"74,8",88,78,"70,1","78,2","60,5","67,6","66,2","60,2","76,6","93,3","76,5","87,5","59,3",2013
MG,Diamantina,Não capital,"61,8","76,6","68,3","55,9","58,8","55,3","64,4","65,9",35,"47,3","51,4","63,8","75,4","71,7",2013
PE,Fernando de Noronha,Não capital,"50,8",77,"41,2",34,"66,3","59,9","30,8","45,9","42,1","59,8","21,2","61,9","74,5","40,4",2013
SC,Florianópolis,Capital,70,"85,3","74,1","73,9","62,7","50,4","76,1","69,2",32,"61,6","94,2","71,1","72,9","69,6",2013
CE,Fortaleza,Capital,"68,9","83,5","81,2","68,4","58,4","49,4","64,6","52,4","45,4","74,7","85,2","71,6","72,1","74,2",2013
PR,Foz do Iguaçu,Não capital,"72,9","75,5","77,4","70,1","82,3","81,8","70,3","57,4","81,4",77,76,"68,2","81,4","42,8",2013
GO,Goiânia,Capital,"63,9","76,3","74,5","65,8",47,"24,8","56,2","57,7",60,"64,2","88,3","60,3","75,9","72,7",2013
RS,Gramado,Não capital,61,"73,4","62,6","66,3",69,"49,8","63,8","41,3","31,3","74,3","53,8","65,5","68,5","55,8",2013
SP,Ilhabela,Não capital,"54,8","69,7","57,8","57,9","45,8","52,4","73,4","66,8","47,5","35,2","29,2","69,6","59,6","39,8",2013
PE,Ipojuca,Não capital,"46,6","65,5","43,8","43,8","66,8","43,7","37,3","23,5","18,6","67,3","38,6","43,6","50,7","45,7",2013
CE,Jijoca de Jericoacoara,Não capital,"44,2","47,4",49,"44,2","54,1","45,3","40,8","51,5","16,8","34,8",33,"48,8","64,1","30,2",2013
PB,João Pessoa,Capital,"69,6","86,3",72,62,"63,8",49,"67,9","58,1","72,5",61,"92,8","76,7",72,"66,4",2013
BA,Lençóis,Não capital,"50,9","63,1","42,6","37,7","66,7","27,5","59,4","57,9","42,9","44,2","35,4","56,1","71,4",58,2013
AP,Macapá,Capital,"51,6","57,7","53,4","49,9","55,9","24,9","56,6","41,7","34,9","43,5","58,1","55,2","70,8","59,3",2013
AL,Maceió,Capital,"64,3","70,6",78,"71,9","57,4","50,8","65,6","34,1",40,"61,1","84,2","59,5","73,9",69,2013
AM,Manaus,Capital,"63,9","72,2","74,8","71,2","74,9","45,6","29,5","32,5","37,6","71,4","89,2","56,3","82,9","68,1",2013
AL,Maragogi,Não capital,"42,3","55,3","39,8","30,4",55,"32,4","53,7","58,6","14,8","41,8","22,6","44,4","61,4","33,9",2013
BA,Maraú,Não capital,"44,6","50,3","36,8","33,7","50,6","45,5","50,3","79,1",25,"48,5","19,8","45,6","50,8","48,5",2013
BA,Mata de São João,Não capital,"48,3","46,6","59,5","21,9","66,9",56,"55,3","23,2","34,7","45,5","27,9","58,8","74,4","50,6",2013
TO,Mateiros,Não capital,"38,1","41,1",27,"33,4","62,2","47,1","32,7","50,8","22,5","56,7","6,1","30,3","55,6","28,4",2013
RN,Natal,Capital,"62,6","70,5","67,6","72,4","53,7","49,6","51,5","68,2","17,8","63,5","86,5",58,"76,5","60,3",2013
CE,Nova Olinda,Não capital,"40,5","64,9","30,9","14,9","41,8","41,6","36,6","68,3","16,1",55,10,"32,8","63,7","53,9",2013
MG,Ouro Preto,Não capital,"65,5","64,5","62,6","49,7","74,6",53,"58,9","59,8","76,4","65,3","67,1","74,9","70,2","82,7",2013
TO,Palmas,Capital,"52,7","75,7","64,9","49,3","37,3","30,5","38,3","30,5","24,4","61,8","71,3",52,"81,4","49,5",2013
PR,Paranaguá,Não capital,"60,9","78,8","50,6","47,1","61,1","47,8","62,8",71,"35,5",70,57,"67,2","76,8","66,8",2013
RJ,Paraty,Não capital,"53,1","60,7","66,4","36,9","71,2","56,4","28,8",60,"11,5","54,5","43,2","54,6","57,1","69,7",2013
AM,Parintins,Não capital,"47,1","55,6","40,9","47,6",58,"28,7","64,8","14,7","47,1","45,9","39,5","61,4","49,3","54,2",2013
PI,Parnaíba,Não capital,"42,9","68,5","52,9","38,9","56,6","19,7","47,6","31,6","6,1","27,6",43,"42,1","49,5","45,1",2013
RJ,Petrópolis,Não capital,"63,4","65,4","72,8","50,8","71,4","57,5","64,4","51,8","56,4","64,4","58,5","66,3","72,3","66,2",2013
GO,Pirenópolis,Não capital,"53,5","64,7","51,6","50,9","64,2","37,8","63,2","51,3","32,8","53,8","27,4","58,7","57,9","72,5",2013
RS,Porto Alegre,Capital,"74,8","82,9",88,"74,9","65,4","68,5","75,3","53,9",49,"85,8",91,"76,5","78,8","66,6",2013
BA,Porto Seguro,Não capital,59,"52,1","69,5","66,1","64,3","49,3","59,1","62,7","19,4","50,2","73,5","53,1","77,7","52,8",2013
RO,Porto Velho,Capital,"56,2","59,6","61,6","37,9","47,3","37,5",64,"47,2","46,6","59,5","79,9","67,2","69,5","55,4",2013
PE,Recife,Capital,"76,3","87,4","77,6",77,"72,2","71,4","74,2","58,9","81,5",77,"91,5",67,"68,2","83,6",2013
AC,Rio Branco,Capital,"56,4","64,4","71,1",52,"51,2","27,8","62,1","47,4","12,6","69,9","66,3","61,1","69,7","60,8",2013
RJ,Rio de Janeiro,Capital,"74,9",82,"88,2",78,"84,3","50,4","70,1","26,5","53,7","91,2","93,8","75,2","79,4","79,4",2013
BA,Salvador,Capital,"73,8","81,9",86,"70,1",84,"50,2","66,1","47,7","46,6","78,4","89,6","71,1","82,2","86,1",2013
PA,Santarém,Não capital,"56,5","53,4","67,8","47,2","60,2",51,"62,7","59,3","73,4","48,4","56,1","61,4","50,5","44,4",2013
SC,São Joaquim,Não capital,"45,1","77,4",57,"27,3","58,5","39,2",37,"46,8","10,2","61,3",25,"51,7","28,5","44,9",2013
MA,São Luís,Capital,"66,3","68,6","62,4","61,8","56,2","54,3","53,2","56,8","63,5","74,5","89,7","73,7","75,4","76,9",2013
SP,São Paulo,Capital,"76,3","86,1","90,5","88,1","77,4","77,8","75,8","20,5","79,9","91,3","94,7","56,7","70,8","61,8",2013
PI,São Raimundo Nonato,Não capital,"38,4","52,5","28,8",27,"70,7","27,3","26,3","6,2","5,9","43,2","24,7","60,2","64,7","46,8",2013
PI,Teresina,Capital,"54,9","66,4","60,6","46,8","55,7","33,3","53,9","24,4",11,"65,7","86,3","59,9","72,5","59,9",2013
RN,Tibau do Sul,Não capital,"43,4","59,3",44,"34,2","49,8","29,3","53,7","60,9","18,8","35,9","13,6","47,4","72,4","37,3",2013
MG,Tiradentes,Não capital,"50,9","62,5","51,8","44,7",58,"38,4","44,4","64,8","31,8","60,2","31,5","42,7","61,7",64,2013
ES,Vitória,Capital,"66,7","83,5","67,6","59,8","52,8","51,8","67,6","72,3","44,4","82,8","89,7","49,7","69,2","72,8",2013
GO,Alto Paraíso de Goiás,Não capital,"45,3","62,4","42,8","38,9","62,9","31,8","63,5","29,5",17,"39,6","22,9","47,9","52,7","52,1",2014
RJ,Angra dos Reis,Não capital,"60,4","68,5","61,1","62,7","59,4","45,9","63,4","29,1","40,9","71,4","64,2","54,2","71,1","71,9",2014
SE,Aracaju,Capital,"63,9","81,6","72,1","66,8","56,9",53,"65,3",56,"34,3","61,7","83,7","56,8","69,8","54,6",2014
CE,Aracati,Não capital,"48,4","58,8","41,9","44,5","55,5","37,4","52,4","26,7","25,2","49,2","47,8","59,7","52,3",61,2014
RJ,Armação dos Búzios,Não capital,"53,7","57,1","45,1","59,1","59,3","59,4","64,1","42,4","17,8","69,4","52,5","47,9","74,3","33,6",2014
SC,Balneário Camboriú,Não capital,"69,9","78,7","76,8","72,4","63,9","64,3","58,7","71,1","63,4","61,3",69,"83,4","74,1","64,7",2014
AM,Barcelos,Não capital,"35,4","55,6",39,"33,2","52,2","4,2","40,4","19,1",0,"35,5","20,5","38,5","51,1","40,6",2014
MA,Barreirinhas,Não capital,"45,5","62,9","32,8",44,"56,1",33,"56,8",57,"19,8","36,1",44,"42,6","62,2","39,8",2014
PA,Belém,Capital,"63,8","63,5","79,4","69,2","69,7","44,6","50,7",42,"15,8","65,2","85,1","64,3","63,5","86,2",2014
MG,Belo Horizonte,Capital,"78,5","83,8","79,7",82,"74,2","81,6","79,5","62,7",77,"85,6","94,5","67,7","77,8","66,5",2014
RS,Bento Gonçalves,Não capital,"71,3","77,8","64,1","74,9",64,"81,7","67,5","90,1","53,5","85,2","69,8","77,9","57,2","68,9",2014
RR,Boa Vista,Capital,"56,8","66,7","63,9","58,9","60,7","41,8","56,7","37,4","22,9","57,2","65,2","62,3","67,7","52,2",2014
MS,Bonito,Não capital,"59,4","57,1","58,3","55,9","77,6","60,6","67,1","79,5","25,4","59,9",48,"64,1","70,4","43,6",2014
DF,Brasília,Capital,"75,2","82,8","92,4","71,7","73,2","62,8","69,4","27,1","71,4","89,1","91,5","67,5","78,9","71,4",2014
MT,Cáceres,Não capital,"52,6","69,7","57,9","43,2","61,6","28,6","55,7","44,8","3,3","49,3","57,7","59,6","58,8","70,6",2014
GO,Caldas Novas,Não capital,"54,1","61,1","53,2","50,8","63,8","29,7","50,8",43,"34,7","67,8","62,4","62,1","70,3","41,9",2014
MS,Campo Grande,Capital,"65,3","78,9","71,3","79,3","54,7","40,9","55,9",62,"13,4","77,1","81,8","56,7","71,5","83,2",2014
MS,Corumbá,Não capital,"58,6",71,"57,2","44,6","65,3","39,3","71,6","58,4","55,6","63,6","53,3","54,5","67,1","59,8",2014
MT,Cuiabá,Capital,"61,8","73,3","69,1","64,5","54,4","29,6","68,5","57,5","1,3","75,3","87,1","60,7","69,2","71,9",2014
PR,Curitiba,Capital,"77,9","86,7","82,1","75,1","85,1","57,3","82,1","64,3","62,6","81,9","91,4","79,3","90,9","59,7",2014
MG,Diamantina,Não capital,"59,6","80,7","62,7","48,7","57,3","60,7","53,6","72,7","28,1","45,8","53,9",61,"65,4","75,7",2014
PE,Fernando de Noronha,Não capital,"54,3","76,9","43,1","43,9",72,"61,7",48,"43,3",31,"50,5","21,1","78,9","72,9","42,5",2014
SC,Florianópolis,Capital,"74,2","85,7",82,"81,2","71,3","47,9","79,8","56,9","47,7","75,6",92,"69,4",75,"79,4",2014
CE,Fortaleza,Capital,"68,5","78,6","78,6","76,6","59,3","46,6","60,9","46,1","43,2","78,6","88,3","57,5","82,6",71,2014
PR,Foz do Iguaçu,Não capital,"76,9","76,5","76,1","77,1","86,6","89,9","64,3","66,1","84,1","80,2","82,5","76,1","84,4","51,8",2014
GO,Goiânia,Capital,"67,4","73,8","72,9","75,7","48,6","36,2","64,6","63,9","68,7","80,9","88,8","60,5","71,3","70,3",2014
RS,Gramado,Não capital,"65,2","80,9",69,"70,5","65,9","56,5","66,7","46,6","33,6","71,8","60,6","66,7","69,6","62,5",2014
SP,Ilhabela,Não capital,"58,8","75,3","52,4","67,6","59,6","56,7","73,7","34,7","40,8","48,6","41,6","64,8","74,2","48,8",2014
PE,Ipojuca,Não capital,"49,5","56,9","47,8",50,"62,8","36,4","39,6","29,4","36,6","73,4","52,4","40,1","56,5","45,4",2014
CE,Jijoca de Jericoacoara,Não capital,"44,5","47,6","44,2","45,2",53,"54,2","33,4",60,"12,4","31,6","27,1","60,7","65,7","35,1",2014
PB,João Pessoa,Capital,"70,5",80,"72,4","67,5","63,4","73,4","67,3","33,4","75,9","71,3","91,9","64,6","76,8","64,1",2014
BA,Lençóis,Não capital,53,71,"56,4",46,"62,9","33,5","55,5","60,1","37,2","40,7","35,1","50,2","67,7","61,5",2014
AP,Macapá,Capital,"52,1","54,2","60,8","43,6","53,2","28,9",55,"52,2","22,8","54,3",64,"54,2","65,8",60,2014
AL,Maceió,Capital,"67,2","74,1","72,7","76,8","58,2","52,5","68,6","53,1","35,5","69,6","84,7","62,6",75,"71,6",2014
AM,Manaus,Capital,"67,6","70,4","79,3","75,5",76,"49,2","51,9","29,9","29,3","83,1","91,7","63,7",78,"66,3",2014
AL,Maragogi,Não capital,"46,1",48,"34,6","43,4","58,4","46,1","63,2","54,9","15,6","40,3","30,7","51,7","65,4","42,7",2014
BA,Maraú,Não capital,"43,1","43,6","24,2","35,9","55,7","35,9","57,8","74,8","17,2","45,6","23,1","55,8","50,1","53,8",2014
BA,Mata de São João,Não capital,"55,6","59,3","60,2","42,1","67,9","60,8",52,"38,7","29,2","58,3","37,5","70,8","72,6","54,1",2014
TO,Mateiros,Não capital,"32,9","33,2","27,6","22,4","60,8","28,9","29,9","21,8","8,6","46,3",12,"39,7",50,"32,3",2014
RN,Natal,Capital,"65,1","80,1","76,1","73,5","53,9","51,7","53,5","58,1","22,1","69,2","89,9","56,3",79,"61,1",2014
CE,Nova Olinda,Não capital,"41,8","57,7","33,6","32,4","51,9","34,6","37,5",67,"15,9","44,5","17,7","35,9","56,7","58,8",2014
MG,Ouro Preto,Não capital,"67,5","71,8","57,5","55,3","75,1",60,"58,1","66,2","75,7","76,3","64,5",71,"67,2","86,4",2014
TO,Palmas,Capital,"56,3","73,3","66,7","62,6","45,2","32,3","39,4",24,"15,8","67,3","71,1","59,7","83,3","57,7",2014
PR,Paranaguá,Não capital,"65,6","72,5","62,1","63,3","64,3","49,1","64,7","78,9","68,1","68,8","59,3","63,8","69,9","74,9",2014
RJ,Paraty,Não capital,"48,9","51,4",60,"44,6","64,9","41,1","46,4","26,6","3,8","50,2","46,8","43,7","50,6","74,2",2014
AM,Parintins,Não capital,"45,4","49,3","42,1","49,1","63,4","28,6","54,7","15,1",34,"44,4","43,6","50,4","47,6","45,8",2014
PI,Parnaíba,Não capital,"43,9","57,4","51,7","44,6","47,4","13,4",40,"45,7","11,5","46,4","44,5","39,7","60,2","51,9",2014
RJ,Petrópolis,Não capital,"70,4","69,5",74,"61,2","78,4","76,8","69,3","55,5","52,7","75,6","62,9","77,1","76,3","72,4",2014
GO,Pirenópolis,Não capital,"56,5","57,7","49,8",55,"62,5",59,"70,8","64,9","42,9","52,5","29,8","62,4","47,3","78,5",2014
RS,Porto Alegre,Capital,80,83,"91,1","83,3","61,6","88,4","75,8","42,9","66,7","91,9","94,5","77,9","80,5","79,9",2014
BA,Porto Seguro,Não capital,"56,4","58,9","66,3",63,56,"52,5","55,1","48,4","16,7","52,8","67,8","48,9","69,8","56,5",2014
RO,Porto Velho,Capital,"55,4","65,5","63,7","46,5","53,7","26,9","57,7","29,5","37,1","63,1","79,2","54,6","60,8","65,4",2014
PE,Recife,Capital,76,"81,5","83,3","82,8","77,8","60,7",70,"46,3","63,7","80,4","91,7","65,1","75,4","87,2",2014
AC,Rio Branco,Capital,"59,4","68,9","67,3","64,5",58,"29,6",54,"64,9","16,6","71,3","68,2","61,8",69,"62,4",2014
RJ,Rio de Janeiro,Capital,"78,5","82,7","91,5","85,7",87,"58,5","60,6","39,3","59,3","94,2",96,65,"80,9","87,8",2014
BA,Salvador,Capital,75,"77,2","87,5",78,77,"54,2","64,1","50,6","58,9","78,7","91,2","72,1","74,5","90,6",2014
PA,Santarém,Não capital,"55,6","53,4","68,7","48,7","59,6","46,9","61,7","41,4","73,1","51,4","65,1","47,9","42,9","58,2",2014
SC,São Joaquim,Não capital,"49,8","71,4","60,2",32,"63,5","48,9","53,2","45,2","12,1","58,4","34,2","57,7","37,5","49,3",2014
MA,São Luís,Capital,"69,3","82,9",66,"70,7","56,2","74,7","60,2","37,4",54,"77,2","89,5","69,7","66,1",80,2014
SP,São Paulo,Capital,"82,5","83,8","93,2","93,6","84,6","84,2","83,6","29,6","84,5","94,4","94,6","72,6","75,7","66,8",2014
PI,São Raimundo Nonato,Não capital,"40,3","63,5","33,2","37,2","77,2","25,8","13,3","11,7","9,2","38,3",36,"43,9","55,8","45,1",2014
PI,Teresina,Capital,"58,8","61,9","69,2","58,3","58,7","41,9","59,2","29,8","23,4","71,7","79,5","56,6","66,6","61,7",2014
RN,Tibau do Sul,Não capital,"42,2","49,2","47,2","41,8",54,29,"44,7","37,2","8,1","45,9","12,2","52,1","66,8","37,4",2014
MG,Tiradentes,Não capital,51,"62,7","58,2","41,2","62,1","35,9","28,7","77,6","12,6","57,4","29,3","53,7","67,7","68,8",2014
ES,Vitória,Capital,"73,2","84,5","68,9","68,4","60,8","59,3","71,6","66,7",64,"86,4","90,3",67,"79,7","85,2",2014
GO,Alto Paraíso de Goiás,Não capital,"45,2","62,9","42,9","36,7",61,"31,1","50,8","45,9","20,4","37,3","24,5","51,2",52,"56,3",2015
RJ,Angra dos Reis,Não capital,"59,9",63,"60,3","62,6","62,9","49,4","60,4","33,3","13,4",75,"63,1","56,1","75,9","75,8",2015
SE,Aracaju,Capital,64,"81,3",70,"67,8","57,6","47,9","60,4","59,2",33,"64,5","86,8","54,3","70,7","62,4",2015
CE,Aracati,Não capital,48,"58,1","40,4","41,8","58,3",35,"49,8",35,"18,6","52,8","45,2","57,5","55,1","62,8",2015
RJ,Armação dos Búzios,Não capital,52,"56,8","44,2","61,5",58,"46,8","63,1","32,3","14,3","62,8","57,6","43,2","75,6","38,2",2015
SC,Balneário Camboriú,Não capital,"70,5","79,5","73,2","70,8",65,"62,8","64,5",66,"67,8","64,3","68,1","85,6","77,1","65,4",2015
AM,Barcelos,Não capital,35,"54,8","32,3","28,7","50,9","7,2",39,"19,1",0,"36,9","24,2","44,9","50,2","42,5",2015
MA,Barreirinhas,Não capital,"43,1","61,1","32,7","40,1","55,7",30,"54,1","49,1",0,"36,2","43,7","39,7","62,9","42,4",2015
PA,Belém,Capital,"63,8","64,6","77,8","69,8","71,4","43,7","48,9","50,5","15,8","68,9","86,9",62,"57,1","86,6",2015
MG,Belo Horizonte,Capital,"79,2","82,5","79,6","86,6","68,7","86,3","78,4","58,3","80,3",87,"94,8","70,3","79,3","68,5",2015
RS,Bento Gonçalves,Não capital,"72,9","76,8","70,3","77,7",67,"85,6","67,7","89,9","46,5","84,6",70,"80,1",60,"71,8",2015
RR,Boa Vista,Capital,"56,4","63,1","63,4","57,5","53,8","51,3","55,3","43,1","19,6","55,2",66,"67,2","62,8","54,4",2015
MS,Bonito,Não capital,"58,5","56,7","58,3","56,2","70,2","53,7","66,7","82,4","27,4","60,9","50,5","63,6","71,6","41,7",2015
DF,Brasília,Capital,"72,8",79,"92,4","68,3","71,6","55,1","61,6","27,4","72,2","86,9","93,1","61,5","77,7","73,1",2015
MT,Cáceres,Não capital,"52,2","68,7",57,45,"61,1","29,1","52,6","36,5","3,3","55,1",60,56,58,"70,2",2015
GO,Caldas Novas,Não capital,"57,1","64,3","57,5","51,9","68,4",28,"59,8","55,8","40,4","64,4","62,7",68,"68,8","45,6",2015
MS,Campo Grande,Capital,"65,4","77,7","73,5","70,5","53,5","43,6","59,1","55,7","9,9","80,8",85,"59,1","72,2","86,7",2015
MS,Corumbá,Não capital,"62,4","73,9","65,2","48,6",64,"50,6","71,4","71,3","68,7","62,9","58,9","57,5","57,2","66,4",2015
MT,Cuiabá,Capital,"61,9","73,8","65,3","66,6",54,35,65,"41,8",12,"77,6","87,7","60,3","70,6",72,2015
PR,Curitiba,Capital,"80,4","89,1",82,"80,9","84,2","56,1","81,3","75,4","71,6","87,1","92,7","79,5","93,4","64,9",2015
MG,Diamantina,Não capital,"62,4","82,9","62,4","53,3","59,2","62,7","68,9","74,8","35,5","45,8","50,7",60,"70,2","77,8",2015
PE,Fernando de Noronha,Não capital,"52,1","75,3","39,6","41,5","64,8","59,4","49,3","35,2","27,4","52,7","21,3","72,4","71,7","46,2",2015
SC,Florianópolis,Capital,"75,9","85,9","80,8","81,1","72,9","58,9",77,"64,9","52,3","78,8","92,9","68,4","75,1",82,2015
CE,Fortaleza,Capital,"71,9","74,1","78,3","79,4","62,9","50,4","71,5","62,7","53,2","82,3","89,6","65,3","78,8",76,2015
PR,Foz do Iguaçu,Não capital,"76,3","77,5","73,3","78,5","86,9","88,5","70,6","66,8",80,"74,8","82,7","73,3","80,9","52,6",2015
GO,Goiânia,Capital,"68,5",73,"74,8","73,9","47,4","37,3","70,8","60,5","73,1",84,"90,4",64,"71,9","69,7",2015
RS,Gramado,Não capital,"65,4","76,1","72,1","73,1","65,3","54,3",72,"38,9","26,3","75,4","61,3","68,6","67,3","65,9",2015
SP,Ilhabela,Não capital,"60,5","74,9","53,7",69,"63,1","62,3","70,7","40,3","42,6","52,3",47,"64,5","72,9","51,5",2015
PE,Ipojuca,Não capital,"51,8","58,7","50,2","45,4","64,4","37,5","47,3",31,"43,5","75,7","48,7",46,"64,5","47,7",2015
CE,Jijoca de Jericoacoara,Não capital,"45,9","44,3","43,2","45,6","53,3","51,3","43,4","63,2","19,3","34,7",24,"64,9","66,4","39,4",2015
PB,João Pessoa,Capital,"71,4","79,9",68,"70,3","61,2","83,1","70,3","29,9",68,"75,3",94,"64,1","78,1","70,1",2015
BA,Lençóis,Não capital,"52,9","64,1","54,9","42,5","61,2","42,1","56,8","68,5","47,5","40,7","31,6","49,5","68,1","59,2",2015
AP,Macapá,Capital,"53,6","58,8","61,6","49,7","53,6","31,1","55,1","54,9","10,3","56,2","66,6","51,7","71,1","62,9",2015
AL,Maceió,Capital,"65,7",75,"70,4","77,1","56,6","48,5","62,7",35,"34,3","70,9","83,3","65,5","75,3",72,2015
AM,Manaus,Capital,"67,9",69,"78,5","77,1","75,7","50,9","50,2","31,2","27,7","83,4","92,3","65,9","76,6","69,5",2015
AL,Maragogi,Não capital,"45,5","47,1","33,2","43,7","59,5","40,8","54,5","51,2","14,6","43,6","33,6","54,1","65,4","45,2",2015
BA,Maraú,Não capital,"41,1","41,8","24,8","32,8","49,3","41,8","60,6","67,9",0,"45,7","26,1","46,9","47,6","56,7",2015
BA,Mata de São João,Não capital,56,"56,5","60,9","43,3",68,56,"54,2","55,9","25,2","62,1","33,4","67,5","75,1","57,2",2015
TO,Mateiros,Não capital,"32,8","31,1","24,9",19,"59,5","28,8","31,7","21,8",9,"48,4","15,7","38,7","52,3","34,7",2015
RN,Natal,Capital,"65,7","83,2","76,4","74,1","57,2","44,3",57,"55,9","19,7","70,8","90,6","53,5","81,2","64,8",2015
CE,Nova Olinda,Não capital,"44,4",58,"35,3","35,2","55,1","45,2","37,8","72,1","17,4","47,1","17,4","41,3","58,9","58,6",2015
MG,Ouro Preto,Não capital,"69,3","71,3","56,5","61,2","74,4","62,5","62,3","72,4","78,6","78,5","64,4","76,4","68,3","85,4",2015
TO,Palmas,Capital,"57,4","72,5","63,4","65,3","47,4","33,7","50,4",37,"19,1","62,5","69,2","57,7","82,5","59,9",2015
PR,Paranaguá,Não capital,"66,7","71,8","61,5","62,1","64,1","46,5","71,9","77,8","74,4",68,"61,4","65,8","77,6","74,9",2015
RJ,Paraty,Não capital,"52,2","52,2","56,4","40,9","68,9","43,7","55,8",36,"23,9","56,4","49,4","49,6","52,4","76,2",2015
AM,Parintins,Não capital,"43,4","49,9","36,7","45,1","66,8","28,7","51,9","13,1","9,8","46,1","43,6","53,9","45,9","45,1",2015
PI,Parnaíba,Não capital,"45,2","58,3","55,5","42,4","50,2","19,1","43,5","44,7",0,"46,7","46,8","43,4","60,3","55,2",2015
RJ,Petrópolis,Não capital,"70,5","70,4","75,8","62,4","74,9","59,2","68,1","58,4","58,4","78,9","66,8","81,1","82,6","69,2",2015
GO,Pirenópolis,Não capital,"53,6","58,2","48,2","54,3","62,1","41,3","60,2","51,4",41,"50,5","31,8","60,3","54,8","74,8",2015
RS,Porto Alegre,Capital,81,"83,5","91,6","83,4","66,5","90,1","78,4","40,2","66,1","92,5","94,7","78,3","82,5","80,3",2015
BA,Porto Seguro,Não capital,"58,9","58,4","66,8","65,9",58,"52,9","64,8","62,1","23,8","50,9",68,"55,9","67,3","57,1",2015
RO,Porto Velho,Capital,52,"61,5","60,9","46,9","46,5",24,"55,2","14,2","37,6","59,2",76,"53,7","56,1","63,5",2015
PE,Recife,Capital,"77,2","79,5","83,4","83,2","79,1","70,6","70,6","49,1","61,6","81,8","93,2","67,2","75,6","88,6",2015
AC,Rio Branco,Capital,"56,4","65,1","66,9","62,4","56,4","28,3","46,3","49,4","3,7","68,1","71,3","55,6","72,1","63,4",2015
RJ,Rio de Janeiro,Capital,"81,1",84,"92,1","89,9",85,"58,7","67,6","55,2","62,2","95,2",96,"69,9","84,6","90,5",2015
BA,Salvador,Capital,77,"81,3","87,7","81,5",79,"52,3","67,7","59,4","63,4","80,7","89,2","70,7","78,2","91,8",2015
PA,Santarém,Não capital,"57,5","52,2","65,5","48,5","57,9","52,2","65,8","53,1",78,"50,4","68,3","53,4","42,9","65,5",2015
SC,São Joaquim,Não capital,"48,4","69,8","60,8","31,6","58,6","40,5","50,7","46,9","11,3","61,4","34,1","50,1","41,1","50,5",2015
MA,São Luís,Capital,"68,6","82,8","65,2","67,2","53,9","70,7","57,7",41,"50,4","77,5","91,3",68,"72,5","80,2",2015
SP,São Paulo,Capital,"83,2","84,1",94,"92,5",86,"86,5","80,1","32,7","86,1","95,3","94,9","71,5","77,6","70,3",2015
PI,São Raimundo Nonato,Não capital,"40,6","58,4","33,7","40,2","76,8","21,6","9,7","17,6","9,4","40,1","35,9",47,"58,2","49,6",2015
PI,Teresina,Capital,"59,9","63,1",67,"59,8","63,5","45,2","61,4","30,4","26,9","72,7","80,2","56,1","67,4","61,3",2015
RN,Tibau do Sul,Não capital,"43,1","49,2",50,"41,7","51,2","28,5","43,4","45,5","15,7","45,7","14,9","50,3","66,5","40,4",2015
MG,Tiradentes,Não capital,"52,8","64,2",59,"40,1","62,8","32,3","36,7","82,7","22,3","54,4","27,6","60,3","69,7","72,3",2015
ES,Vitória,Capital,"75,2",85,"71,3","69,2","61,9","60,6","66,6","71,1","73,7","89,1","93,1","72,8","80,4","87,8",2015